"Aboudi, Ronny"
"Abril, Patricia S"
"Agramonte, Amy"
"Alexandrakis, Alexandros Platon"
"Alonso, Sheryl L"
"Alvarez, Susana"
"Andrade, Sandro C."
"Ash, Ben C"
"Azadi, Zahra"
"Barrett, W Brian"
"Bazan-Vega, Luis Alejandro"
"Bernile, Gennaro"
"Bochkay, Khrystyna"
"Boleslavsky, Raphael"
"Burch, Timothy Russell"
"Calonico, Sebastian"
"Capellan, Marisol"
"Cava, Anita"
"Chakraborty, Indraneel"
"Chen, Zoey"
"Chhaochharia, Vidhi"
"Chun, Wendy Ivonne"
"Chychyla, Roman"
"Collins, Jacklyn Anne"
"Connolly, Michael B"
"Cooper, Cecily D"
"Cronqvist, Henrik"
"Dasborough, Marie T"
"De George, Emmanuel"
"Dean, Emma Claire Boswell"
"Delikouras, Stefanos"
"Dennis, Shirley"
"Derouselle, Shannon"
"Donelson, Don Carl"
"Donno, Luca F."
"Ellet, William Clinton III"
"Emery, Douglas R."
"Espinosa, Joshua"
"Falsetta, Diana"
"Faria, Hugo"
"Ferri, Fabrizio"
"Fida, Saira"
"Friedman, Mark E."
"Fuerst, Michael E"
"Ganitsky, Joseph"
"Geng, Xin"
"Gitlow, Howard S."
"Guan, Yongtao"
"Guzzi, Vanessa M"
"Hai, Rong"
"Harris, Karen Denise"
"Hayes, Christi"
"Heuson, Andrea J"
"Horenstein, Alex R"
"Hulett, Maria"
"Hwang, Ilwoo"
"Iraola Guzman, Miguel Angel"
"Irmak, Caglar"
"Johnson, Joseph"
"Jordan Zamora, Diana"
"Joseph, Anito"
"Joyce, Chauncey"
"Katzen, Elizabeth S."
"Kaya, Ayca"
"Kelly, David L"
"Khan, Uzma"
"Kim, Kyungmin"
"Korniotis, George"
"Kulkarni, Smita"
"Kumar, Alok"
"Laran, Juliano A"
"Lehmann, Doug"
"Leme, Paulo"
"Leon Espinosa, Maikel"
"Levine, Seth"
"Locay, Luis"
"Lorca Susino, Maria Jesus"
"Luo, Yadong"
"Major, David"
"Makri, Marianna"
"Marmorstein, Howard"
"Martinez Evora, Joan"
"McGibney, Daniel"
"McKenry, Mary C"
"Medina, Daniel A"
"Mettler, Alfred"
"Mezias, John M"
"Minutti-Meza, Miguel Angel"
"Morfov, Stanimir Georgiev"
"Mortensen, Karoline"
"Muhlhofer, Tobias"
"Nanda, Dhananjay"
"Naranjo, Lorenzo"
"Natarajan, Harihara Prasad"
"Neider, Linda L."
"Olazabal, Ann M"
"Parmeter, Christopher Frank"
"Perez, Gery"
"Perez, Mario J"
"Peterson, Frank Rodger"
"Petruzzello, Esteban"
"Plant, Robert Thomas"
"Portnoy, Marina"
"Ramnath, Sundaresh"
"Rantala, Ville"
"Recarey, Benigno L."
"Robins, Philip K."
"Rodriguez, Ricardo J"
"Rushinek, Avi"
"Rushinek, Sara F."
"Saar, Shalom"
"Sacasas, Rene"
"Santos, Manuel"
"Sarel, Dan"
"Sayed, Tarek"
"Scandura, Teresa Anne"
"Scharf, Ian J"
"Schriesheim, Chester A."
"Segal, Martin Edward"
"Shapiro, Mark S"
"Sharma, Arun"
"Shi, Wei"
"Sicre, Manuel V"
"Spigelman, David F"
"Su, Tie"
"Sugrue, Paul K"
"Tang, Sammi Yu"
"Tatum, Kay W"
"Townsend, Claudia"
"Tsiros, Michael"
"Turner, Karen Dianne"
"Ullmann, Steven G."
"Weinstock, Jeffrey B."
"Weisbrod, Eric H"
"Werner, Michael L."
"Wilson, Michael"
"Wright, Ian"
"Xu, Ganggang"
"Yang, Nan"
"Yunes, Tallys H"
"Zacharias, Christos"
"Zane, Daniel"
"Zhang, Emma Jingfei"
"Zohar, Dahlia M"
"Adams, Todd"
"Belchenko, Olesia"
"Black, Paul S."
"Bolton, William T"
"Bylinski, Joseph"
"Callava, Trinidad"
"Carenza, James"
"Chomiak, Leon W"
"Clarke, Richard Lewis"
"Cuervo, Rita"
"Del Riego, Alissa Maria"
"Fogarty, Maria"
"Fornaris, Carl"
"French, Michael"
"Genovese, Joseph"
"Gravier, Leonardo"
"Jayaraman, Vaidyanathan"
"Kauffmann, Ana"
"Klevan, Dean"
"Korenfield, Adam Scott"
"Krishnan, Ramasubramanian"
"Kriss, Eric"
"Macdonald, Brian"
"Marin Catala, Giannina"
"Marquardt, William"
"Negreira, Sergio"
"OSTER, EVAN"
"Porter, Janet"
"Quelch, John"
"Rodriguez, Hillary"
"Rodriguez-Ardura, Inma"
"Rosen-Artze, Luisa Maria"
"Roth, Paul"
"Ruelas-Gossi, Alejandro"
"Shaffer, Penelope S"
"Shenkar, Oded"
"Smogard, Greg"
"Sommers, Michael Joseph"
"Spahn, Eva"
"Tarkoe, Clinton"
"Toren, Richard"
"Torres, Richard"
"Vernon, Robert"
"Vogel, Harold S."
"Waldman, Glen H"
"Williamson, George"
"Zicklin, Lawrence"
"Echezarraga, Jon Martinez"
"Ruelas-Gossi, Alejandr"
"Daniels, Vincen"
"Henfridsson, Ol"
"Ertimur, Yonc"
"Este, Aquile"
"Beth Cicero, Mar"
"Hilpisch, Yve"
"Ramos, Lariss"
"Borochin, Pau"
"Cerrone, Stephe"
"Zhang, Joh"
"Chatterjee, Ujja"
"Patel, Jiga"
"Niemeyer, Ale"
"Wang, La"
"Del Riego, Aliss"
"Hur, Inkyoun"
