TITLE;AUTHORS;JOURNAL;VOLUME;ISSUE;YEAR;PAGES
"A bounty of riches, a threat to objectivity? Maintaining the double-blind peer-review process amid rising submission levels";"Dasborough, Marie T.";"JOURNAL OF ORGANIZATIONAL BEHAVIOR";39;7;2018;817-819
"A Case of a Second Intermetatarsal Space Gouty Tophus with a Presentation Similar to a Morton's Neuroma";"Shah, Ashish, Hsu, Alan, Johnson, John L., Shah, Ashish";CUREUS;10;5;2018;
"A Combination of SAHA and Quinacrine Is Effective in Inducing Cancer Cell Death in Upper Gastrointestinal Cancers";"Wang, Lihong, Chen, Zheng";"CLINICAL CANCER RESEARCH";24;8;2018;1905-1916
"A designer bow-tie combination therapeutic platform: An approach to resistant cancer treatment by simultaneous delivery of cytotoxic and anti-inflammatory agents and radiation";"Surnar, Bapurao, Kumar, Anil, Basu, Uttara";BIOMATERIALS;187;;2018;117-129
"A dominant variant in the PDE1C gene is associated with nonsyndromic hearing loss";"Blanton, Susan H., Sundhari, Abhiraami Kannan, Wang, Li, Liao, Shixiu, Liu, Xuezhong";"HUMAN GENETICS";137;6-7;2018;437-446
"A fast spectral quasi-likelihood approach for spatial point processes";"Guan, Y., Wang, M.";"STATISTICS & PROBABILITY LETTERS";133;;2018;59-64
"A general theory of springboard MNEs";"Luo, Yadong";"JOURNAL OF INTERNATIONAL BUSINESS STUDIES";49;2;2018;129-152
"A Lack of Dynamic Triggering of Slow Slip and Tremor Indicates That the Shallow Cascadia Megathrust Offshore Vancouver Island Is Likely Locked";"Collins, John A.";"GEOPHYSICAL RESEARCH LETTERS";45;20;2018;11095-11103
"A Laplace stochastic frontier model";"Parmeter, Christopher F.";"ECONOMETRIC REVIEWS";37;3;2018;260-280
"A Mini Review of Clinical and Research Applications of the Retinal Function Imager";"Wang, Jianhua, Wang, Liang, Jayadev, Chaitra";"CURRENT EYE RESEARCH";43;3;2018;273-288
"A Novel Method for Estimating Knee Angle Using Two Leg-Mounted Gyroscopes for Continuous Monitoring with Mobile Health Devices";"Kim, Kyoung Jae";SENSORS;18;9;2018;
"A novel role for sox7 in Xenopus early primordial germ cell development: mining the PGC transcriptome";"Wang, Lingyu";DEVELOPMENT;145;1;2018;
"A parasitism-mutualism-predation model consisting of crows, cuckoos and cats with stage-structure and maturation delays on crows and cuckoos";"Luo, Yantao, Zhang, Long, Zhang, Long, DeAngelis, Donald L.";"JOURNAL OF THEORETICAL BIOLOGY";446;;2018;212-228
"A Phenomenological Paradigm for Midtropospheric Cyclogenesis in the Indian Summer Monsoon";"Choudhury, Ayantika Dey, Krishnan, R.";"JOURNAL OF THE ATMOSPHERIC SCIENCES";75;9;2018;2931-2954
"A Photoactivatable Far-Red/Near-Infrared BODIPY To Monitor Cellular Dynamics in Vivo";"Zhang, Yang, Zhang, Yang, Zhang, Yang, Tang, Sicheng, Tang, Sicheng";"ACS SENSORS";3;7;2018;1347-1353
"A Rapid and Precise Mutation-Activated Fluorescence Reporter for Analyzing Acute Mutagenesis Frequency";"Kumar, Akhilesh, Zhang, Fangliang, Zhang, Fangliang";"CELL CHEMICAL BIOLOGY";25;8;2018;1038-+
"A STUDY OF BOUNDARY LAYER ROLLS UNDER VARIOUS STORM CONDITIONS";"Zhang, J. A., Zhang, Z., Zhang, J. A., Zhang, Z.";"IGARSS 2018 - 2018 IEEE INTERNATIONAL GEOSCIENCE AND REMOTE SENSING SYMPOSIUM";0;;2018;6045-6048
"A Tattoo Won't Hurt Your Job Prospects";"French, Michael T.";"HARVARD BUSINESS REVIEW";96;6;2018;30-31
"A theory of bargaining deadlock";"Hwang, Ilwoo, Hwang, Ilwoo";"GAMES AND ECONOMIC BEHAVIOR";109;;2018;501-522
"A Top-Down Pathway to Secondary Eyewall Formation in Simulated Tropical Cyclones";"Zhang, Jun A., Zhang, Jun A., Gopalakrishnan, Sundararaman, Gopalakrishnan, Sundararaman";"JOURNAL OF GEOPHYSICAL RESEARCH-ATMOSPHERES";123;1;2018;174-197
"Acute intermittent hypoxia enhances corticospinal synaptic plasticity in humans";"Perez, Monica A., Perez, Monica A.";ELIFE;7;;2018;
"Afferent input and sensory function after human spinal cord injury";"Perez, Monica A., Perez, Monica A.";"JOURNAL OF NEUROPHYSIOLOGY";119;1;2018;134-144
"Airborne Doppler Wind Lidar Observations of the Tropical Cyclone Boundary Layer";"Ryan, Kelly, Zhang, Jun A., Zhang, Jun A.";"REMOTE SENSING";10;6;2018;
"Aligning sales and operations management: an agenda for inquiry";"Sharma, Arun";"JOURNAL OF PERSONAL SELLING & SALES MANAGEMENT";38;2;2018;220-240
"Alteplase for the treatment of acute ischemic stroke in patients with low National Institutes of Health Stroke Scale and not clearly disabling deficits (Potential of rtPA for Ischemic Strokes with Mild Symptoms PRISMS): Rationale and design";"Broderick, Joseph P., Levine, Steven R., Chatterjee, Anjan";"INTERNATIONAL JOURNAL OF STROKE";13;6;2018;654-661
"Amino acid 118 in the deafness causing (DFNA20/26) ACTG1 gene is a mutational hot spot";"Wang, Li, Liu, Xuezhong, Liao, Shixiu";"GENE REPORTS";11;;2018;264-269
"An imperfect storm: Fat-tailed tropical cyclone damages, insurance, and climate policy";"Kelly, David L.";"JOURNAL OF ENVIRONMENTAL ECONOMICS AND MANAGEMENT";92;;2018;677-706
"An integrative study of the emergence of social inequality: Bioarchaeological and biogeochemical analyses of the Coyo Oriental cemetery, northern Chile";"Torres-Rouff, Christina";"AMERICAN JOURNAL OF PHYSICAL ANTHROPOLOGY";165;;2018;205-205
"Association of Anti-Factor Xa-Guided Dosing of Enoxaparin With Venous Thromboembolism After Trauma";"Patel, Jaimin";"JAMA SURGERY";153;2;2018;144-149
"Atrial fibrillation genetic risk differentiates cardioembolic stroke from other stroke subtypes";"Chung, Mina K., Yamada, Yoshiji, Tanaka, Toshihiro, Schurmann, Claudia, Harris, Tamara B., Kim, Helen, Seshadri, Sudha, Sharma, Pankaj, Wang, Xingwu, Perez, Marco, Yang, Qiong, Sun, Albert, Tatlisumak, Turgot, Mateusz, Adamski, Rothwell, Peter, Shaffer, Christian, Lee, Tsong-Hai, Chern, Joseph, Broderick, Joseph, Le, Kim En, Blanton, Susan, Heckbert, Susan R., Mansur, Alfredo J., Alonso, Alvaro, Soliman, Elsayed Z., Sudlow, Cathie, Chen, Ida, Chen, Lin Y., Chen, Christopher, Weng, Lu-Chen, Chen, Yii-Der Ida, Olszanecki, Rafael, Perez, Marco";NEUROLOGY-GENETICS;4;6;2018;
"Automated FES for Upper Limb Rehabilitation Following Stroke and Spinal Cord Injury";"Kumar, Hrishikesh, Choudhury, Supriyo, Choudhury, Supriyo, Perez, Monica A., Kumar, Hrishikesh, Perez, Monica A.";"IEEE TRANSACTIONS ON NEURAL SYSTEMS AND REHABILITATION ENGINEERING";26;5;2018;1067-1074
"Azimuthal Distribution of Deep Convection, Environmental Factors, and Tropical Cyclone Rapid Intensification: A Perspective from HWRF Ensemble Forecasts of Hurricane Edouard (2014)";"Zhang, Zhan, Zhang, Jun A., Gopalakrishnan, Sundararaman, Gopalakrishnan, Sundararaman, Zhang, Zhan, Zhang, Jun A.";"JOURNAL OF THE ATMOSPHERIC SCIENCES";75;1;2018;275-295
"Being oneself through time: Bases of self-continuity across 55 cultures";"Zhang, Jianxin, Espinosa, Agustin, Zhang, Xiao, Zhang, Jianxin, Zhang, Xiao, Torres, Ana, Bond, Michael Harris";"SELF AND IDENTITY";17;3;2018;276-293
"Beta Matrix and Common Factors in Stock Returns";"Horenstein, Alex R., Wang, Na";"JOURNAL OF FINANCIAL AND QUANTITATIVE ANALYSIS";53;3;2018;1417-1440
"Board diversity, firm risk, and corporate policies";"Bernile, Gennaro";"JOURNAL OF FINANCIAL ECONOMICS";127;3;2018;588-612
"Business models in global competition";"Luo, Yadong";"GLOBAL STRATEGY JOURNAL";8;4;2018;517-535
"Buying Beauty for the Long Run: (Mis)predicting Liking of Product Aesthetics";"Townsend, Claudia";"JOURNAL OF CONSUMER RESEARCH";45;2;2018;275-297
"Chemical evidence of inter-hemispheric air mass intrusion into the Northern Hemisphere mid-latitudes";"Kim, K. -R.";"SCIENTIFIC REPORTS";8;;2018;
"Coherent Turbulence in the Boundary Layer of Hurricane Rita (2005) during an Eyewall Replacement Cycle";"Zhang, Jun A., Zhang, Jun A., Sapp, Joseph W.";"JOURNAL OF THE ATMOSPHERIC SCIENCES";75;9;2018;3071-3093
"Comparing Amazon's Mechanical Turk Platform to Conventional Data Collection Methods in the Health and Medical Research Literature";"Mortensen, Karoline";"JOURNAL OF GENERAL INTERNAL MEDICINE";33;4;2018;533-538
"Comparison of Ultrasound-Guided Thrombin Injection of Iatrogenic Pseudoaneurysms Based on Neck Dimension";"Yang, Ethan Y., Patel, Jaimin, Bornak, Arash";"ANNALS OF VASCULAR SURGERY";47;;2018;121-127
"Consensus recommendations for trabecular meshwork cell isolation, characterization and culture";"Zhang, Jie, Zhang, Jie, Gong, Haiyan, Chansangpetch, Sunee, Chowdhury, Uttio Roy";"EXPERIMENTAL EYE RESEARCH";171;;2018;164-173
"Consequences of adopting an expanded auditor's report in the United Kingdom";"Minutti-Meza, Miguel, Tatum, Kay W.";"REVIEW OF ACCOUNTING STUDIES";23;4;2018;1543-1587
"Consumer Search and Price Competition";"Kim, Kyungmin";ECONOMETRICA;86;4;2018;1257-1281
"Contextualizing international strategy by emerging market firms: A composition-based approach";"Luo, Yadong";"JOURNAL OF WORLD BUSINESS";53;3;2018;337-355
"Convergent Pathways in Idiopathic Autism Revealed by Time Course Transcriptomic Analysis of Patient-Derived Neurons";"Wang, Lily";"SCIENTIFIC REPORTS";8;;2018;
"Core hydrophobicity tuning of a self-assembled particle results in efficient lipid reduction and favorable organ distribution";"Kumar, Anil";NANOSCALE;10;1;2018;366-377
"CROSS-SECTIONAL PREDICTORS OF NEUROCOGNITIVE AND PHYSICAL FUNCTION IN OLDER WOMEN WITH HIV INFECTION USING THE WIHS";"Sharma, Anjali, Wilson, Tracey E., Zhu, Shijun, Nahm, Eun-Shim";"ANNALS OF BEHAVIORAL MEDICINE";52;;2018;S420-S420
"Crossed corticospinal facilitation between arm and trunk muscles in humans";"Chiou, Shin-Yi, Perez, Monica A., Perez, Monica A.";"JOURNAL OF NEUROPHYSIOLOGY";120;5;2018;2595-2602
"CRTH2 promotes endoplasmic reticulum stress-induced cardiomyocyte apoptosis through m-calpain";"Wang, Yuanyang, Wang, Chenyao, Zhang, Jian, Zhang, Qianqian, Zhang, Qianqian, Wang, Yuanyang, Tang, Juan, Wang, Chenyao, Zhang, Jian";"EMBO MOLECULAR MEDICINE";10;3;2018;
"Cultural stress and psychological symptoms in recent Venezuelan immigrants to the United States and Colombia";"Perez-Gomez, Augusto, Perez-Gomez, Augusto, Salas-Wright, Christopher P.";"INTERNATIONAL JOURNAL OF INTERCULTURAL RELATIONS";67;;2018;25-34
"Data Portal for the Library of Integrated Network-based Cellular Signatures (LINCS) program: integrated access to diverse large-scale cellular perturbation response data";"Chung, Caty, Wang, Lily, Turner, John P., Schurer, Stephan C., Cooper, Daniel J.";"NUCLEIC ACIDS RESEARCH";46;D1;2018;D558-D566
"De novo ITPR1 variants are a recurrent cause of early-onset ataxia, acting via loss of channel function";"Chen, S. R. Wayne, Sun, Bo, Tang, Sha, Wang, Ruiwu";"EUROPEAN JOURNAL OF HUMAN GENETICS";26;11;2018;1623-1634
"Deferred treatment with sofosbuvir-velpatasvir-voxilaprevir for patients with chronic hepatitis C virus who were previously treated with an NS5A inhibitor: an open-label substudy of POLARIS-1";"Zhang, Jie, Ravendhran, Natarajan, Zhang, Jie, Subramanian, G. Mani";"LANCET GASTROENTEROLOGY & HEPATOLOGY";3;8;2018;559-565
"Design, implementation, and performance of the Astro-H SXS calorimeter array and anticoincidence detector";"Adams, Joseph S., Adams, Joseph S., Kelly, Daniel, Porter, F. Scott";"JOURNAL OF ASTRONOMICAL TELESCOPES INSTRUMENTS AND SYSTEMS";4;1;2018;
"Determinants and consequences of information processing delay: Evidence from the Thomson Reuters Institutional Brokers' Estimate System";"Weisbrod, Eric, Subasi, Musa";"JOURNAL OF FINANCIAL ECONOMICS";127;2;2018;366-388
"Development and Validation of a Novel Integrated Clinical-Genomic Risk Group Classification for Localized Prostate Cancer";"Ross, Ashley E., Tewari, Ashutosh, Zhang, Jingbin, Zhang, Jingbin";"JOURNAL OF CLINICAL ONCOLOGY";36;6;2018;581-+
"Differentiation between vestibular schwannomas and meningiomas with atypical appearance using diffusion kurtosis imaging and three-dimensional arterial spin labeling imaging";"Xu, Ganggang, Xue, Yunjing";"EUROPEAN JOURNAL OF RADIOLOGY";109;;2018;13-18
"Direct Measurements of Momentum Flux and Dissipative Heating in the Surface Layer of Tropical Cyclones During Landfalls";"Zhang, Jun A., Zhang, Jun A.";"JOURNAL OF GEOPHYSICAL RESEARCH-ATMOSPHERES";123;10;2018;4926-4938
"Discussion of "The Psychology of Billing"";"Falsetta, Diana";"CONTEMPORARY ACCOUNTING RESEARCH";35;3;2018;1455-1463
"Distinct Corticocortical Contributions to Human Precision and Power Grip (vol 27, pg 5070, 2017)";"Perez, Monica A., Perez, Monica A.";"CEREBRAL CORTEX";28;2;2018;689-689
"Distinguished Scholars Invited Essay: Becoming a Good Sport and a Better Performer: A Social Information Processing View of Authentic Leadership";"Schriesheim, Chester A., Schriesheim, Chester A.";"JOURNAL OF LEADERSHIP & ORGANIZATIONAL STUDIES";25;2;2018;141-152
"Does Urbanization Mean Bigger Governments?";"Parmeter, Christopher F.";"SCANDINAVIAN JOURNAL OF ECONOMICS";120;4;2018;1202-1228
"Downdrafts and the Evolution of Boundary Layer Thermodynamics in Hurricane Earl (2010) before and during Rapid Intensification";"Zhang, Jun A., Zhang, Jun A.";"MONTHLY WEATHER REVIEW";146;11;2018;3545-3565
"Drug Pricing for Competing Pharmaceutical Manufacturers Distributing through a Common PBM";"Yang, Nan, Xiao, Yixuan";"PRODUCTION AND OPERATIONS MANAGEMENT";27;8;2018;1399-1419
"Dynamic trading with developing adverse selection";"Hwang, Ilwoo, Hwang, Ilwoo";"JOURNAL OF ECONOMIC THEORY";176;;2018;761-802
"Dynamics of the retinal microvasculature and morphology in Type 2 diabetes";"Shi, Wei";"INVESTIGATIVE OPHTHALMOLOGY & VISUAL SCIENCE";59;9;2018;
"Effect of Alteplase vs Aspirin on Functional Outcome for Patients With Acute Ischemic Stroke and Minor Nondisabling Neurologic Deficits The PRISMS Randomized Clinical Trial";"Chatterjee, Anjan, Levine, Steven R., Broderick, Joseph";"JAMA-JOURNAL OF THE AMERICAN MEDICAL ASSOCIATION";320;2;2018;156-166
"Effect of coil orientation on motor-evoked potentials in humans with tetraplegia";"Perez, Monica A., Perez, Monica A.";"JOURNAL OF PHYSIOLOGY-LONDON";596;20;2018;4909-4921
"Effects of functional focus on bounded momentum: Examining firm- and industry-level alliances";"Mezias, John M.";"STRATEGIC ORGANIZATION";16;2;2018;167-191
"Effects of heat waves on daily excess mortality in 14 Korean cities during the past 20 years (1991-2010): an application of the spatial synoptic classification approach";"Kim, Ho, Kim, Jiyoung, Kim, Baek-Jo, Kim, Kyu Rang, Cho, Chun-Ho";"INTERNATIONAL JOURNAL OF BIOMETEOROLOGY";62;4;2018;575-583
"Effects of Stroboscopic Vision on Reactive Balance";"Kim, Kyung-Min, Kim, Joo-Sung, Kim, Joo-Sung";"MEDICINE AND SCIENCE IN SPORTS AND EXERCISE";50;5;2018;570-570
"Effects of sulfuric, nitric, and mixed acid rain on Chinese fir sapling growth in Southern China";"Zhai, Lu, Wang, G. Geoff, Zhang, Jinchi, Zhang, Bo, Zhang, Jinchi, Zhang, Bo";"ECOTOXICOLOGY AND ENVIRONMENTAL SAFETY";160;;2018;154-161
"Endoscopic management of surgical complications";"Perez-Ginnari, Armando, Perez-Ginnari, Armando";"TECHNIQUES IN GASTROINTESTINAL ENDOSCOPY";20;4;2018;182-188
"Enfortumab vedotin (EV) in patients (Pts) with metastatic urothelial carcinoma (mUC) with prior checkpoint inhibitor (CPI) failure: A prospective cohort of an ongoing phase 1 study.";"Zhang, Jingsong, Wu, Chunzhang, Ruether, Joseph D., Wu, Chunzhang, Zhang, Jingsong, Wu, Chunzhang";"JOURNAL OF CLINICAL ONCOLOGY";36;6;2018;
"Estimation of the two-tiered stochastic frontier model with the scaling property";"Parmeter, Christopher F.";"JOURNAL OF PRODUCTIVITY ANALYSIS";49;1;2018;37-47
"Ethnic differences in progression of islet autoimmunity and type 1 diabetes in relatives at risk";"Rodriguez, Henry, Rodriguez, Henry, Geyer, Susan M., Tosur, Mustafa";DIABETOLOGIA;61;9;2018;2043-2053
"Evaluating an Electronic Health Record Intervention for Management of Heart Failure Among Veterans";"Rodriguez, Remberto, Rodriguez, Remberto";"TELEMEDICINE AND E-HEALTH";24;12;2018;1006-1013
"Evaluating the Impact of Improvement in the Horizontal Diffusion Parameterization on Hurricane Prediction in the Operational Hurricane Weather Research and Forecast (HWRF) Model";"Gopalakrishnan, Sundararaman G., Zhang, Xuejin, Gopalakrishnan, Sundararaman G., Zhang, Jun A., Zhang, Zhan, Zhang, Xuejin, Zhang, Zhan, Zhang, Jun A., Zhang, Xuejin";"WEATHER AND FORECASTING";33;1;2018;317-329
"Exploratory Study of rTMS Neuromodulation Effects on Electrocortical Functional Measures of Performance in an Oddball Test and Behavioral Symptoms in Autism";"Kelly, Desmond P.";"FRONTIERS IN SYSTEMS NEUROSCIENCE";12;;2018;
"Exposure to an extreme environment comes at a sensorimotor cost";"Kim, Kyoung Jae";"NPJ MICROGRAVITY";4;;2018;
"Far-Red Photoactivatable BODIPYs for the Super-Resolution Imaging of Live Cells";"Sun, Cheng, Sun, Cheng, Tang, Sicheng, Zhang, Hao F., Zhang, Yang, Tang, Sicheng, Zhang, Yang, Zhang, Yang, Zhang, Hao F.";"JOURNAL OF THE AMERICAN CHEMICAL SOCIETY";140;40;2018;12741-12745
"Feasibility of Aerobic Exercise in the Subacute Phase of Recovery From Traumatic Brain Injury: A Case Series";"Gomes-Osman, Joyce, Rodriguez-Rajo, Pablo, Rodriguez-Rajo, Pablo";"JOURNAL OF NEUROLOGIC PHYSICAL THERAPY";42;4;2018;268-275
"Flexible and efficient estimating equations for variogram estimation";"Sun, Ying, Guan, Yongtao";"COMPUTATIONAL STATISTICS & DATA ANALYSIS";122;;2018;45-58
"Fluorescence activation with switchable oxazines";"Tang, Sicheng, Zhang, Yang, Zhang, Yang, Zhang, Yang, Tang, Sicheng";"CHEMICAL COMMUNICATIONS";54;64;2018;
"Full shape crystalline lens geometrical changes with age from 3-D OCT images in vivo and ex vivo";"Ho, Arthur, Perez-Merino, Pablo, Mohamed, Ashik, Marcos, Susana, Perez-Merino, Pablo, Mohamed, Ashik";"INVESTIGATIVE OPHTHALMOLOGY & VISUAL SCIENCE";59;9;2018;
"Gain of function of ASXL1 truncating protein in the pathogenesis of myeloid malignancies";"Chen, Zizhen, Chen, Shi, Yang, Feng-Chun, Chen, Shi, Yang, Hui, Yang, Feng-Chun, Zhang, Peng, Xu, Mingjiang, Zhang, Peng, Wahlestedt, Claes";BLOOD;131;3;2018;328-341
"Gating of Sensory Input at Subcortical and Cortical Levels during Grasping in Humans";"Perez, Monica A., Perez, Monica A.";"JOURNAL OF NEUROSCIENCE";38;33;2018;7237-7247
"Genetic deletion or small-molecule inhibition of the arginine methyltransferase PRMT5 exhibit anti-tumoral activity in mouse models of MLL-rearranged AML";"Santos, M. A., Kaushik, S.";LEUKEMIA;32;2;2018;499-509
"Genetic Variation in Genes Underlying Diverse Dementias May Explain a Small Proportion of Cases in the Alzheimer's Disease Sequencing Project";"Tsuang, Debby W., Seshadri, Sudha, DeStefano, Anita, Wang, Li-San, Haines, Jonathan";"DEMENTIA AND GERIATRIC COGNITIVE DISORDERS";45;1-2;2018;1-17
"Genome-wide Analyses Identify KIF5A as a Novel ALS Gene";"Mora, Jesus S., Johnson, Janel O., Musunuri, Rajeeva Lochan, Weishaupt, Jochen H., Turner, Martin R., Rothstein, Jeffrey D., Esteban-Perez, Jesus, Abhyankar, Avinash, Harris, Tim, Gibson, Summer B., Esteban-Perez, Jesus, Esteban-Perez, Jesus, Esteban-Perez, Jesus, Williams, Kelly L., Cooper-Knock, Johnathan";NEURON;97;6;2018;1268-+
"Global landscape of cell envelope protein complexes in Escherichia coli";"Kim, Sunyoung, Kim, Sunyoung, Zhang, Zhongge, Zhang, Qingzhou, Zhang, Zhongge, Kumar, Ashwani, Golshani, Ashkan, Kumar, Ashwani, Zhang, Qingzhou";"NATURE BIOTECHNOLOGY";36;1;2018;103-+
"Happy birthday! Celebrating 30years as JOB, 5years of review issues, and 1year of the "JOB Annual Review"";"Dasborough, Marie";"JOURNAL OF ORGANIZATIONAL BEHAVIOR";39;2;2018;131-133
"Highlights from the First Annual Spinal Navigation, Emerging Technologies and Systems Integration Meeting";"Johnson, J. Patrick, Kim, Terrence, Wang, Michael";"ANNALS OF TRANSLATIONAL MEDICINE";6;6;2018;
"HIV-discordant and concordant HIV-positive male couples' recommendations for how an eHealth HIV prevention toolkit for concordant HIV-negative male couples could be improved to meet their specific needs";"Perez, G., Perez, G.";"AIDS CARE-PSYCHOLOGICAL AND SOCIO-MEDICAL ASPECTS OF AIDS/HIV";30;;2018;54-60
"Housing Price Booms and Crowding-Out Effects in Bank Lending";"Chakraborty, Indraneel";"REVIEW OF FINANCIAL STUDIES";31;7;2018;2806-2853
"Identification of a five-lncRNA signature for predicting the risk of tumor recurrence in patients with breast cancer";"Chen, Xi, Zhang, Li, Xu, Chaohan, Wang, Lily, Wang, Weida, Zhang, Li";"INTERNATIONAL JOURNAL OF CANCER";143;9;2018;2150-2160
"Identification of a gene-expression predictor for diagnosis and personalized stratification of lupus patients";"Liao, Wang, Chen, Zhibin";"PLOS ONE";13;7;2018;
"Identification of compound heterozygous variants in OPTN in an ALS-FTD patient from the CReATe consortium: a case report";"Zhang, Jinghui, Zhang, Jinghui, Hussain, Sumaira";"AMYOTROPHIC LATERAL SCLEROSIS AND FRONTOTEMPORAL DEGENERATION";19;5-6;2018;469-471
"Identification of epigenetic modulators in human breast cancer by integrated analysis of DNA methylation and RNA-Seq data";"Chen, Zhibin";EPIGENETICS;13;5;2018;473-489
"IMPLICATIONS OF LEFT VENTRICULAR ANEURYSM IN PATIENTS WITH ACUTE MYOCARDIAL INFARCTION: AN ANALYSIS FROM NATIONAL INPATIENT SAMPLE DATABASE";"Kumar, Varun, Patel, Nileshkumar, Patel, Nileshkumar, Kumar, Arun, Balla, Sudarshan";"JOURNAL OF THE AMERICAN COLLEGE OF CARDIOLOGY";71;11;2018;146-146
"Improving Diabetes Control using Electronic Secure Messaging";"Rodriguez, R., Rodriguez, R., Alvarez-Seijas, E.";"JOURNAL OF THE AMERICAN GERIATRICS SOCIETY";66;;2018;S52-S53
"INCREASING GLOBAL ACCESS TO THROMBECTOMY: MISSION THROMBECTOMY 2020";"Sharma, A.";"INTERNATIONAL JOURNAL OF STROKE";13;;2018;11-11
"Inhibition of microRNA suppression of Dishevelled results in Wnt pathway-associated developmental defects in sea urchin";"Wang, Lingyu";DEVELOPMENT;145;23;2018;
"Initiation of inflammatory tumorigenesis by CTLA4 insufficiency due to type 2 cytokines";"Wang, Gaofeng, Devarajan, Priyadharshini, Chen, Zhibin";"JOURNAL OF EXPERIMENTAL MEDICINE";215;3;2018;841-858
"Insights into archaeal chaperone machinery: a network-based approach";"Sharma, Ankush, Rani, Shikha";"CELL STRESS & CHAPERONES";23;6;2018;1257-1274
"Intra-Aortic Balloon Pump Simulating Thoracic Aortic Dissection";"Roth, Patrick";"JOURNAL OF COMPUTER ASSISTED TOMOGRAPHY";42;4;2018;630-631
"Is Obstructive Sleep Apnea Associated With Progressive Glaucomatous Optic Neuropathy?";"Shi, Wei";"JOURNAL OF GLAUCOMA";27;1;2018;1-6
"Is Operational Control Risk Informative of Financial Reporting Deficiencies?";"Vyas, Dushyantkumar, Minutti-Meza, Miguel";"AUDITING-A JOURNAL OF PRACTICE & THEORY";37;1;2018;139-165
"Is regulatory adoption ceremonial? Evidence from lead director appointments";"Shi, Wei";"STRATEGIC MANAGEMENT JOURNAL";39;8;2018;2386-2413
"Knockdown of Crispld2 in zebrafish identifies a novel network for nonsyndromic cleft lip with or without cleft palate candidate genes";"Blanton, Susan H., Plant, Robert";"EUROPEAN JOURNAL OF HUMAN GENETICS";26;10;2018;1441-1450
"Labor productivity growth: disentangling technology and capital accumulation";"Parmeter, Christopher F.";"JOURNAL OF ECONOMIC GROWTH";23;1;2018;111-143
"Lagrangian ocean analysis: Fundamentals and practices";"Wang, Jinbo, Adams, Thomas P., Cheng, Yu, Kjellsson, Joakim";"OCEAN MODELLING";121;;2018;49-75
"Large Stimulation of Recalcitrant Dissolved Organic Carbon Degradation by Increasing Ocean Temperatures";"Alvarez-Salgado, Xose A., Hansell, Dennis A.";"FRONTIERS IN MARINE SCIENCE";4;;2018;
"LEADER HUMOR AS AN INTERPERSONAL RESOURCE: INTEGRATING THREE THEORETICAL PERSPECTIVES";"Cooper, Cecily D.";"ACADEMY OF MANAGEMENT JOURNAL";61;2;2018;769-796
"Leadership, Dominance, and Preeminence in a Channel Structure with a Common Retailer";"Natarajan, Harihara Prasad";"DECISION SCIENCES";49;1;2018;65-120
"Lens regeneration in children";"Wilson, M. Edward";NATURE;556;7699;2018;E2-E3
"Limb-sparing surgery plus radiotherapy results in superior survival: an analysis of patients with high-grade, extremity soft-tissue sarcoma from the NCDB and SEER";"Subhawong, Ty, Patel, Vivek, Wang, Lily, Asher, David";"CANCER MEDICINE";7;9;2018;4228-4239
"Limited capacity in project selection: competition through evidence production";"Boleslavsky, Raphael";"ECONOMIC THEORY";65;2;2018;385-421
"Lmo2 expression defines tumor cell identity during T-cell leukemogenesis";"Rodriguez-Hernandez, Guillermo, Rodriguez-Hernandez, Guillermo, Alonso-Lopez, Diego";"EMBO JOURNAL";37;14;2018;
"Local Health Departments' Promotion of Mental Health Care and Reductions in 30-Day All-Cause Readmission Rates in Maryland";"Mortensen, Karoline, Barath, Deanna, Chen, Jie";"MEDICAL CARE";56;2;2018;153-161
"Loss of ASXL1 in the bone marrow niche dysregulates hematopoietic stem and progenitor cell fates";"Chen, Shi, Cheng, Tao, Chen, Shi, Chen, Zizhen, Yang, Feng-Chun, Shi, Hui, Zhang, Peng, Yang, Hui, Yang, Feng-Chun, Zhang, Peng, Xu, Mingjiang";"CELL DISCOVERY";4;;2018;
"Loss of coral reef growth capacity to track future increases in sea level";"Wilson, Margaret, Alvarez-Filip, Lorenzo, Perez-Cervantes, Esmeralda, Perez-Cervantes, Esmeralda, Wilson, Shaun K., Macdonald, Chancey, Suchley, Adam";NATURE;558;7710;2018;396-+
"Loss of TFF1 promotes growth and chemotherapeutic resistance in gastric cancer";"Xu, Zekuan, Chen, Zheng, Wang, Weizhi";"CANCER RESEARCH";78;13;2018;
"Low-Dose Anti-Thymocyte Globulin (ATG) Preserves -Cell Function and Improves HbA(1c) in New-Onset Type 1 Diabetes";"Rodriguez, Henry, Rodriguez, Henry, Wilson, Darrell M., Becker, Dorothy J.";"DIABETES CARE";41;9;2018;1917-1925
"Management Disclosures of Going Concern Uncertainties: The Case of Initial Public Offerings";"Bochkay, Khrystyna, Chychyla, Roman";"ACCOUNTING REVIEW";93;6;2018;29-59
"Managing Performance Signals Through Delay: Evidence from Venture Capital";"Chakraborty, Indraneel I.";"MANAGEMENT SCIENCE";64;6;2018;2875-2900
"Mandatory Statewide Medicaid Managed Care in Florida and Hospitalizations for Ambulatory Care Sensitive Conditions";"Mortensen, Karoline";"HEALTH SERVICES RESEARCH";53;1;2018;293-311
"Measurement of lower limb segmental excursion using inertial sensors during single limb stance";"Kim, Kyoung Jae";"JOURNAL OF BIOMECHANICS";71;;2018;151-158
"Medicaid Managed Care in Florida and Racial and Ethnic Disparities in Preventable Emergency Department Visits";"Chen, Jie, Mortensen, Karoline";"MEDICAL CARE";56;6;2018;477-483
"Medical Comorbidities in Bipolar Disorder";"Sharma, Abhinav";"CURRENT PSYCHIATRY REPORTS";20;5;2018;
"Methylation of the HOXA10 Promoter Directs miR-196b-5p-Dependent Cell Proliferation and Invasion of Gastric Cancer Cells";"Chen, Zheng, Zhang, Shutian, Zhang, Shutian";"MOLECULAR CANCER RESEARCH";16;4;2018;696-706
"microRNA regulation in an ancient obligate endosymbiosis";"Wang, Lingyu, Wilson, Alex C. C.";"MOLECULAR ECOLOGY";27;8;2018;1777-1793
"Modeling the importation and local transmission of vector-borne diseases in Florida: The case of Zika outbreak in 2016";"Ruan, Shigui, Guan, Yongtao, Chen, Jing, Zhang, Guoyan, Zhang, Guoyan";"JOURNAL OF THEORETICAL BIOLOGY";455;;2018;342-356
"Modulation of TET2 Activity By Ascorbic Acid and Factors Affecting Lysine Acetylation";"Liu, Xiaochen, Chen, Shi, Guan, Yihong, Makishima, Hideki, Chen, Shi, Xu, Mingjiang";BLOOD;132;;2018;
"Moisture Distributions in Tropical Cold Pools From Equatorial Indian Ocean Observations and Cloud-Resolving Simulations";"Zhang, Jianhao, Zhang, Jianhao";"JOURNAL OF GEOPHYSICAL RESEARCH-ATMOSPHERES";123;20;2018;11445-11465
"MRI findings associated with microscopic residual tumor following unplanned excision of soft tissue sarcomas in the extremities";"Yang, Xuan, Wang, Lee, Subhawong, Ty K., Yang, Xuan";"SKELETAL RADIOLOGY";47;2;2018;181-190
"Multiancestry genome-wide association study of 520,000 subjects identifies 32 loci associated with stroke and stroke subtypes";"DeStefano, Anita L., Sharma, Pankaj, Johnson, Andrew D., Johnson, Julie A., Harris, Tamara B., Wilson, James G., Yang, Qiong, Rothwell, Peter M., Manichaikul, Ani, Ago, Tetsuro, Heckbert, Susan R., Hsu, Fang-Chi, Seshadri, Sudha, Sudlow, Cathie L. M., Tatlisumak, Turgut, Yusuf, Salim, Adams, Hieab H. H., Ninomiya, Toshiharu, Chen, Wei-Min, Jian, Xueqiu";"NATURE GENETICS";50;4;2018;524-+
"Multilevel Tower Observations of Vertical Eddy Diffusivity and Mixing Length in the Tropical Cyclone Boundary Layer during Landfalls";"Zhang, Jun A., Zhang, Jun A., Tang, Jie";"JOURNAL OF THE ATMOSPHERIC SCIENCES";75;9;2018;3159-3168
"NEUROPSYCHOLOGICAL FUNCTION IN HIV CLADE C INFECTED AND UNINFECTED INDIVIDUALS IN NORTHERN INDIA";"Khandelwal, Niranjan, Kumar, Mahendra., Sharma, Anchal, Sharma, Aman, Babayigit, Suat";"ANNALS OF BEHAVIORAL MEDICINE";52;;2018;S737-S737
"Novel role of miR-133a-3p in repressing gastric cancer growth and metastasis via blocking autophagy-mediated glutaminolysis";"Sun, Guangli, Zhang, Xing, Wang, Sen, Wang, Weizhi, Chen, Zheng, Sun, Guangli, Zhang, Xing, Xu, Jianghao, Xu, Penghui, Xu, Zekuan, Xuan, Zhe";"JOURNAL OF EXPERIMENTAL & CLINICAL CANCER RESEARCH";37;;2018;
"On the Effect of Bias Estimation on Coverage Accuracy in Nonparametric Inference";"Calonico, Sebastian";"JOURNAL OF THE AMERICAN STATISTICAL ASSOCIATION";113;522;2018;767-779
"On the Properties of Yield Distributions in Random Yield Problems: Conditions, Class of Distributions and Relevant Applications";"Yang, Nan, Xiao, Guang";"PRODUCTION AND OPERATIONS MANAGEMENT";27;7;2018;1291-1302
"Opaque pricing over vertically differentiated servers";"Geng, Xin";"IISE TRANSACTIONS";50;7;2018;627-642
"Outcomes of conventional phacoemulsification versus femtosecond laser-assisted cataract surgery in eyes with Fuchs endothelial corneal dystrophy";"Shi, Wei";"JOURNAL OF CATARACT AND REFRACTIVE SURGERY";44;5;2018;534-540
"Overexpression of DARPP-32 promotes activation of STAT3 through IGF1R-SRC axis in gastric cancer";"Chen, Zheng";"CANCER RESEARCH";78;13;2018;
"PAPILLARY MUSCLE RUPTURE IN PATIENTS WITH ACUTE MYOCARDIAL INFARCTION: AN ANALYSIS FROM NATIONAL INPATIENT SAMPLE DATABASE";"Kumar, Arun, Balla, Sudarshan, Kumar, Varun, Patel, Nileshkumar, Patel, Nileshkumar";"JOURNAL OF THE AMERICAN COLLEGE OF CARDIOLOGY";71;11;2018;54-54
"PathwaySplice: an R package for unbiased pathway analysis of alternative splicing in RNA-Seq data";"Wang, Lily, Chen, Xi, Ban, Yuguang";BIOINFORMATICS;34;18;2018;3220-3222
"Patient-Reported Outcomes Following Platelet-Rich Plasma Injections in Treating Osteochondral Lesions of the Talus: A Critically Appraised Topic";"Kim, Kyung-Min";"JOURNAL OF SPORT REHABILITATION";27;2;2018;177-184
"Performance of the Population Bioequivalence (PBE) Statistical Test Using an IPAC-RS Database of Delivered Dose from Metered Dose Inhalers";"Chen, Stephanie, Joshi, Keyur, McKenry, Mary";"AAPS PHARMSCITECH";19;3;2018;1410-1425
"Personal selling and the purchasing function: where do we go from here?";"Sharma, Arun";"JOURNAL OF PERSONAL SELLING & SALES MANAGEMENT";38;1;2018;123-143
"Phase 2 Open-Label Study of Bortezomib, Cladribine, and Rituximab in Advanced, Newly Diagnosed, and Relapsed/Refractory Mantle-Cell and Indolent Lymphomas";"Kumar, Abhijeet, Guillen-Rodriguez, Jose, Guillen-Rodriguez, Jose";"CLINICAL LYMPHOMA MYELOMA & LEUKEMIA";18;1;2018;58-64
"Phase-dependent deficits during reach-to-grasp after human spinal cord injury";"Perez, Monica A., Perez, Monica A.";"JOURNAL OF NEUROPHYSIOLOGY";119;1;2018;251-261
"Photochemical Barcodes";"Tang, Sicheng, Zhang, Yang, Collins, Kevin M., Tang, Sicheng, Zhang, Yang, Zhang, Yang";"JOURNAL OF THE AMERICAN CHEMICAL SOCIETY";140;13;2018;4485-4488
"Phylogenetic classification of the world's tropical forests";"Joseph, Shijo, Bin Mahmud, Khairil, Arroyo-Rodriguez, Victor, Yang, Xiaobo, Spironello, Wilson Roberto, Perez, Rolando, Aiba, Shin-Ichiro, Santos, Braulio, Sukumar, Raman, Joseph, Shijo, Sultana, Aisha, Sunderland, Terry, Perez-Garcia, Eduardo A., Supriyadi, Suresh, H. S., Perez-Garcia, Eduardo A., Sarker, Swapan Kumar, Kelly, Daniel L., Paudel, Ekananda, Perez, Rolando, Arroyo-Rodriguez, Victor, Suzuki, Eizi, Wiser, Susan, Sukri, Rahayu, Chen, Shengbin, Harris, David J., Harrison, Rhett D., Ewango, Corneille, Schoengart, Jochen, dos Santos, Joao Roberto, Chai, Shauna-Lee, Tang, Jianwei, DeWalt, Saara J., Enoki, Tsutomu, Laurance, Susan G., Letcher, Susan G., Suganuma, Marcio Seiji, Sukumar, Raman";"PROCEEDINGS OF THE NATIONAL ACADEMY OF SCIENCES OF THE UNITED STATES OF AMERICA";115;8;2018;1837-1842
"Pilot Study of Potential Activation of c-MYC by Aurora Kinase A in Everolimus-Resistant Localized Esophageal Cancer Treated with XELOX followed by Carboplatin/Radiation";"Shin, D. M., Chen, Z.";"INTERNATIONAL JOURNAL OF RADIATION ONCOLOGY BIOLOGY PHYSICS";102;3;2018;E27-E27
"Potential contribution of the retinal circulation to photoreceptor compromise in individuals with diabetes.";"Shi, Wei";"INVESTIGATIVE OPHTHALMOLOGY & VISUAL SCIENCE";59;9;2018;
"Potentiating paired corticospinal-motoneuronal plasticity after spinal cord injury";"Perez, Monica A., Perez, Monica A.";"BRAIN STIMULATION";11;5;2018;1083-1092
"Predicting diabetes risk among HIV-positive and HIV-negative women";"Schneider, Michael F., Sharma, Anjali";AIDS;32;18;2018;2767-2775
"Predictive value for cardiovascular events of common carotid intima media thickness and its rate of change in individuals at high cardiovascular risk - Results from the PROG-IMT collaboration";"Su, Ta-Chen, Suarez, Carmen, Su, Ta-Chen, Polak, Joseph F., Ronkainen, Kimmo";"PLOS ONE";13;4;2018;
"PREVALENCE AND INCIDENCE OF DIABETES IN THE HISPANIC COMMUNITY HEALTH STUDY/STUDY OF LATINOS (HCHS/SOL)";"Medina, Diana Chrininos, Schneiderman, Neil";"ANNALS OF BEHAVIORAL MEDICINE";52;;2018;S140-S140
"PRMT5 interacts with the BCL6 oncoprotein and is required for germinal center formation and lymphoma cell survival";"Yusufova, Nevin, Luo, Yuan, Lossos, Chen, Geng, Huimin";BLOOD;132;19;2018;2026-2039
"Product Portfolio Restructuring: Methodology and Application at Caterpillar";"Shunko, Masha, Yunes, Tallys";"PRODUCTION AND OPERATIONS MANAGEMENT";27;1;2018;100-120
"Production Chain Disruptions: Inventory, Preparedness, and Insurance";"Tang, Sammi Yu";"PRODUCTION AND OPERATIONS MANAGEMENT";27;7;2018;1251-1270
"Relationship between the MDS-UPDRS and Quality of Life: A large multicenter study of 3206 patients";"Rodriguez-Blazquez, Carmen, Mendoza-Rodriguez, Amelia, Rodriguez-Violante, Mayela, Poewe, Werner, Aschermann, Zsuzsanna, Alvarez-Sanchez, Mario, Rodriguez-Violante, Mayela, Rodriguez-Blazquez, Carmen, Mendoza-Rodriguez, Amelia";"PARKINSONISM & RELATED DISORDERS";52;;2018;83-89
"Resident Physician Knowledge of Urine Testing and Treatment Over Four Years";"Johnson, James R.";"INFECTION CONTROL AND HOSPITAL EPIDEMIOLOGY";39;5;2018;616-618
"Rethinking the prescription of biotin for dermatologic conditions";"Kumar, Anagha";"DERMATOLOGIC THERAPY";31;4;2018;
"Riociguat prevents hyperoxia-induced lung injury and pulmonary hypertension in neonatal rats without effects on long bone growth";"Wang, Luqing, Luo, Shihua, Luo, Shihua";"PLOS ONE";13;7;2018;
"Room for Improvement: The HIV-Diabetes Care Continuum Over 15 Years in the Women's Interagency HIV Study";"Sharma, Anjali, Schneider, Michael F.";"OPEN FORUM INFECTIOUS DISEASES";5;6;2018;
"Sales and customer development: An agenda for inquiry";"Sharma, Arun";"INDUSTRIAL MARKETING MANAGEMENT";69;;2018;133-134
"Seasonal radiogenic isotopic variability of the African dust outflow to the tropical Atlantic Ocean and across to the Caribbean";"Kumar, Ashwini, Kumar, Ashwini";"EARTH AND PLANETARY SCIENCE LETTERS";487;;2018;94-105
"Self-reported Health Status Differs for Amazon's Mechanical Turk Respondents Compared With Nationally Representative Surveys";"Mortensen, Karoline, French, Michael T.";"MEDICAL CARE";56;3;2018;211-215
"Sell-Side Financial Analysts and the CFA (R) Program";"Su, Tie";"FINANCIAL ANALYSTS JOURNAL";74;2;2018;70-83
"SENSITIVITY OF HURRICANE INTENSITY AND STRUCTURE TO TWO TYPES OF PLANETARY BOUNDARY LAYER PARAMETERIZATION SCHEMES IN IDEALIZED HWRF SIMULATIONS";"Tang, Jie, Zhang, Jun A., Zhang, Jun A.";"TROPICAL CYCLONE RESEARCH AND REVIEW";7;4;2018;201-211
"Sequencing of Linkage Region on Chromosome 12p11 Identifies PKP2 as a Candidate Gene for Left Ventricular Mass in Dominican Families";"Beecham, Ashley, Wang, Liyong, Blanton, Susan H.";"G3-GENES GENOMES GENETICS";8;2;2018;659-668
"Serious leisure and depression in older adults: a study of pickleball players";"Yang, Hyunmin, Ryu, Jungsu, Kim, Kyung Min";"LEISURE STUDIES";37;5;2018;561-573
"SHORT SELLER INFLUENCE ON FIRM GROWTH: A THREAT RIGIDITY PERSPECTIVE";"Shi, Wei";"ACADEMY OF MANAGEMENT JOURNAL";61;5;2018;1892-1919
"Social presence and digital dialogic communication: engagement lessons from top social CEOs";"Tsai, Wan-Hsiu Sunny, Chen, Zifei Fay";"JOURNAL OF PUBLIC RELATIONS RESEARCH";30;3;2018;83-99
"Sorting through global corruption determinants: Institutions and education matter - Not culture";"Parmeter, Christopher F.";"WORLD DEVELOPMENT";109;;2018;279-294
"Strategic entry or strategic exit? International presence by emerging economy enterprises";"Sun, Jinyun, Luo, Yadong, Wang, Stephanie L.";"INTERNATIONAL BUSINESS REVIEW";27;2;2018;418-430
"Submicron Aggregation of Chemically Denatured Monoclonal Antibody";"Zhang, Jifeng, Pechenov, Sergei, Subramony, J. Anand, Noufer, Hailey A., Wang, Ying, Wooten, Harrison R., Zhang, Jifeng";"MOLECULAR PHARMACEUTICS";15;10;2018;4710-4721
"Surface-Based Microwave Humidity Retrievals over the Equatorial Indian Ocean: Applications and Challenges";"Zhang, Jianhao, Zhang, Jianhao, Turner, David D.";"JOURNAL OF APPLIED METEOROLOGY AND CLIMATOLOGY";57;8;2018;1765-1782
"Surgical Simulation Training Reduces Intraoperative Cataract Surgery Complications Among Residents";"Shi, Wei";"SIMULATION IN HEALTHCARE-JOURNAL OF THE SOCIETY FOR SIMULATION IN HEALTHCARE";13;1;2018;11-15
"Targeted-Plasticity in the Corticospinal Tract After Human Spinal Cord Injury";"Perez, Monica A., Perez, Monica A.";NEUROTHERAPEUTICS;15;3;2018;618-627
"Temporal-Spatial Values During a 180 degrees Step Turn in People with Unilateral Lower Limb Amputation";"Clemens, Sheila M., Kim, Kyoung Jae";"GAIT & POSTURE";63;;2018;276-281
"Testosterone replacement therapy for physician assistants and nurse practitioners";"Ramos, Libert, Patel, Amir Shahreza";"TRANSLATIONAL ANDROLOGY AND UROLOGY";7;;2018;S63-S71
"TET2 Loss Dysregulates the Behavior of Bone Marrow Mesenchymal Stromal Cells and Accelerates Tet2(-/-)-Driven Myeloid Malignancy Progression";"Cheng, Tao, Yang, Feng-Chun, Yang, Feng-Chun, Chen, Shi, Chen, Zizhen, Xu, Mingjiang, Wang, Jinhuan, Chen, Shi";"STEM CELL REPORTS";10;1;2018;166-179
"TFF1 antagonizes TIMP-1 mediated proliferative functions in gastric cancer";"Chen, Zheng";"MOLECULAR CARCINOGENESIS";57;11;2018;1577-1587
"The Accuracies of Himawari-8 and MTSAT-2 Sea-Surface Temperatures in the Tropical Western Pacific Ocean";"Liu, Yang, Kumar, Ajoy";"REMOTE SENSING";10;2;2018;
"The Arrival of Robotics in Spine Surgery A Review of the Literature";"Sharma, Akhil";SPINE;43;23;2018;1670-1677
"The Ascension Island Boundary Layer in the Remote Southeast Atlantic is Often Smoky";"Sedlacek, Arthur J., III, Zhang, Jianhao, Zhang, Jianhao";"GEOPHYSICAL RESEARCH LETTERS";45;9;2018;4456-4465
"The Costs of Sovereign Default: Evidence from the Stock Market";"Andrade, Sandro C., Chhaochharia, Vidhi";"REVIEW OF FINANCIAL STUDIES";31;5;2018;1707-1751
"The economic costs of jail-based methadone maintenance treatment";"French, Michael T., Li, Xiaoxue";"AMERICAN JOURNAL OF DRUG AND ALCOHOL ABUSE";44;6;2018;611-618
"The Effects of Rarity on Indulgent Consumption: Non-Impulsives Indulge When Low Frequency Is Salient";"Irmak, Caglar";"JOURNAL OF CONSUMER RESEARCH";45;2;2018;383-402
"The GEOTRACES Intermediate Data Product 2017";"Daniels, Chris, Velazquez, Sue, Singh, Sunil Kumar, Schauer, Ursula, O'Sullivan, Jeanette, Measures, Christopher, Little, Susan, Weinstein, Yishai, Dehairs, Frank, Cheng, Hai, Robinson, Laura F., Bauch, Dorothea, Black, Erin, Xiang, Yang, Nakayama, Noriko, Yoshikawa, Hisayuki, Singh, Sunil Kumar, Resing, Joseph A., Garcia-Solsona, Ester, Townsend, Ashley T., Hayes, Christopher T., Townsend, Emily, Xue, Zichen, Swarr, Gretchen J., Rauschenberg, S., Zhang, Jing, Zhang, Pu, Cheng, Hai, Sohrin, Yoshiki, Shiller, Alan M., Townsend, Ashley T., Nishiuchi, Akira, Xue, Zichen, Church, Thomas M., Zhang, Jing, Zhang, Pu, Kim, Taejin, Nishioka, Jun, Isshiki, Kenji, Gamo, Toshitaka";"CHEMICAL GEOLOGY";493;;2018;210-223
"The Impact of the home country on internationalization";"Luo, Yadong, Cuervo-Cazurra, Alvaro";"JOURNAL OF WORLD BUSINESS";53;5;2018;593-604
"The Influence of Swell on the Atmospheric Boundary Layer under Nonneutral Conditions";"Lv, Haibin, Zhang, Jun A., Zhang, Jun A., Cheng, Yinhe";"JOURNAL OF PHYSICAL OCEANOGRAPHY";48;4;2018;925-936
"The playfulness of Facebook - Shaped by underlying psychological drivers and gender differences";"Rodriguez-Ardura, Inma, Rodriguez-Ardura, Inma, Rodriguez-Ardura, Inma";"TELEMATICS AND INFORMATICS";35;8;2018;2254-2269
"The Primary Tube Versus Trabeculectomy Study Methodology of a Multicenter Randomized Clinical Trial Comparing Tube Shunt Surgery and Trabeculectomy with Mitomycin C";"Chen, Philip P., Schiffman, Joyce C., Wright, Martha M., Shi, Wei";OPHTHALMOLOGY;125;5;2018;774-781
"The Third Generation Irreversible EGFR Inhibitor HS-10296 in Advanced Non-Small Cell Lung Cancer Patients";"Shirai, K., Wang, Z., Wang, C., Chen, J., Chen, Y., Shiah, H., Su, W., Yang, N., Yang, J. C., Yang, C.";"JOURNAL OF THORACIC ONCOLOGY";13;10;2018;S485-S485
"Therapeutic potential of GSK-J4, a histone demethylase KDM6B/JMJD3 inhibitor, for acute myeloid leukemia";"Cheng, Tao, Zhang, Peng, Yang, Feng-Chun, Yang, Feng-Chun, Chen, Zizhen, Zhang, Mingying, Zhang, Peng, Zhang, Mingying";"JOURNAL OF CANCER RESEARCH AND CLINICAL ONCOLOGY";144;6;2018;1065-1077
"To Treat or Not to Treat?: Exploring Factors Influencing Intravenous Thrombolysis Treatment Decisions for Minor Stroke";"Levine, Steven R., Kim, Doojin, Broderick, Joseph P., Hurley, Dana";STROKE;49;8;2018;1933-1938
"Toward an Optimal Donation Solicitation: Evidence from the Field of the Differential Influence of Donor-Related and Organization-Related Information on Donation Choice and Amount";"Townsend, Claudia";"JOURNAL OF MARKETING";82;2;2018;142-152
"Trading Dynamics with Private Buyer Signals in the Market for Lemons";"Kim, Kyungmin, Kaya, Ayca";"REVIEW OF ECONOMIC STUDIES";85;4;2018;2318-2352
"Transcriptomic analysis of synovial extracellular RNA following knee trauma: A pilot study";"Perez, Jose, Wang, Liyong, Perez, Jose";"JOURNAL OF ORTHOPAEDIC RESEARCH";36;6;2018;1659-1665
"Treatment Outcomes in the Primary Tube Versus Trabeculectomy Study after 1 Year of Follow-up";"Shi, Wei";OPHTHALMOLOGY;125;5;2018;650-663
"Tropical Cyclone Boundary Layer Rolls in Synthetic Aperture Radar Imagery";"Zhang, Zenghui, Zhang, Jun A., Zhang, Zenghui, Zhang, Jun A.";"JOURNAL OF GEOPHYSICAL RESEARCH-OCEANS";123;4;2018;2981-2996
"Two-patch model for the spread of West Nile virus";"Zhang, Juping, Zhang, Juping";"BULLETIN OF MATHEMATICAL BIOLOGY";80;4;2018;840-863
"Uncertainty about managers' reporting objectives and investors' response to earnings reports: Evidence from the 2006 executive compensation disclosures";"Ferri, Fabrizio";"JOURNAL OF ACCOUNTING & ECONOMICS";66;2-3;2018;339-365
"Understanding pickleball as a new leisure pursuit among older adults";"Kim, Amy Chan Hyung, Kim, Kyung Min, Yang, Hyunmin, Ryu, Jungsu";"EDUCATIONAL GERONTOLOGY";44;2-3;2018;128-138
"Using Administrative Data to Explore the Effect of Survey Nonresponse in the UK Employment Retention and Advancement Demonstration";"Robins, Philip K.";"EVALUATION REVIEW";42;5-6;2018;491-514
"Validation of an Airborne Doppler Wind Lidar in Tropical Cyclones";"Zhang, Jun A., Ryan, Kelly, Zhang, Jun A.";SENSORS;18;12;2018;
"Variation of preventive service utilization by state Medicaid coverage, cost-sharing, and Medicaid expansion status";"Chen, Jie, Mortensen, Karoline";"PREVENTIVE MEDICINE";115;;2018;97-103
"Virologic response with 2 different cidofovir dosing regimens for preemptive treatment of adenovirus DNAemia in pediatric solid organ transplant recipients";"Perez, Michelle M., Perez, Michelle M.";"PEDIATRIC TRANSPLANTATION";22;6;2018;
"Waiting for a sales renaissance in the fourth industrial revolution: Machine learning and artificial intelligence in sales research and practice";"Sharma, Arun";"INDUSTRIAL MARKETING MANAGEMENT";69;;2018;135-146
"Watch for motorcycles! The effects of texting and handheld bans on motorcyclist fatalities";"French, Michael T.";"SOCIAL SCIENCE & MEDICINE";216;;2018;81-87
"Wearing the marks of violence: Unusual trauma patterning at Coyo Oriental, Northern Chile";"Torres-Rouff, Christina";"AMERICAN JOURNAL OF PHYSICAL ANTHROPOLOGY";167;1;2018;32-45
"When are emerging market multinationals more risk taking?";"Luo, Yadong";"GLOBAL STRATEGY JOURNAL";8;4;2018;635-664
"When Nudges Are Forever: Inertia in the Swedish Premium Pension Plant";"Cronqvist, Henrik";"AEA PAPERS AND PROCEEDINGS";108;;2018;153-158
"When Public Recognition for Charitable Giving Backfires: The Role of Independent Self-Construal";"Laran, Juliano";"JOURNAL OF CONSUMER RESEARCH";44;6;2018;1257-1273
"Women veterans and menopause: Knowledge and preferences";"Rodriguez, Remberto, Rodriguez, Remberto";"WOMEN & HEALTH";58;8;2018;898-914
